<?xml version="1.0" encoding="UTF-8"?>
    <addon id="repository.thebigone" name="[COLOR red][B]TheBigOne:[/B][/COLOR] [COLOR snow][B]Repository[/B][/COLOR]" version="1.0.0" provider-name="TheBigOne">
        <requires>
            <import addon="xbmc.addon" version="12.0.0"/>
        </requires>
        <extension point="xbmc.addon.repository" name="[COLOR red][B]TheBigOne:[/B][/COLOR] [COLOR snow][B]Repository[/B][/COLOR]">
            <info compressed="false">https://informationforall.great-site.net/tbo/tborepo/addons.xml</info>
            <checksum>https://informationforall.great-site.net/tbo/tborepo/addons.xml.md5</checksum>
            <datadir zip="true">https://informationforall.great-site.net/tbo/tborepo/</datadir>
            <hashes>false</hashes>
        <dir>
            <info compressed="false">https://raw.githubusercontent.com/teamuniversal/scrapers/master/_modules4all/zips/addons.xml</info>
            <checksum>https://raw.githubusercontent.com/teamuniversal/scrapers/master/_modules4all/zips/addons.xml.md5</checksum>
            <datadir zip="true">https://raw.githubusercontent.com/teamuniversal/scrapers/master/_modules4all/zips/</datadir>
        </dir>
        <dir>
           <info compressed="false">https://raw.githubusercontent.com/Gujal00/smrzips/master/addons.xml</info>
           <checksum>https://raw.githubusercontent.com/Gujal00/smrzips/master/addons.xml.md5</checksum>
           <datadir zip="true">https://raw.githubusercontent.com/Gujal00/smrzips/master/zips/</datadir>
        </dir>
            </extension>        
        <extension point="xbmc.addon.metadata">
            <summary>TheBigOne Official Repository</summary>
            <description>Repo from the TheBigOne Team for you.</description>
            <platform>all</platform>
    </extension>
</addon>
